# 双表记: 如何优化查询语句 (第一部分)

希望你们都像我一样感到这个挑战非常有趣！我将向您介绍我在优化查询语句时最喜欢使用的一种方法。**前言**部分并不是真正需要理解，它更多的是为了感谢所有参与这一挑战的人，并使挑战变得更生动有趣。因为我在查阅查询语句、理解它们目的、以及找寻这些语句如何变得更快的过程中度过了美好的时光。希望您能够喜欢下文！

## 目录
 - [前言](挑战1_分析.md#前言)
 - [查询语句分析](挑战1_分析.md#查询语句分析)
	- [创建语句](挑战1_分析.md#创建语句)
 - [引用](挑战1_分析.md#引用)

## 前言

> "那是最美好的时代，那是最糟糕的时代；那是智慧的年头，那是愚昧的年头；那是信仰的时期，那是怀疑的时期；那是光明的季节，那是黑暗的季节；那是希望的春天，那是失望的冬天；
> <...>
> 那时跟现在非常相象，某些最喧嚣的权威坚持要用形容词的最高级来形容它。说它好，是最高级的；说它不好，也是最高级的。" [1]

曾几何时，有人发起了一个挑战，连接两张表


![Challenge 1 entity–relationship diagram](resources/challenge_1_erd_1.png)

并做出一个总结报告（Summary Report）:

```
  meta_id | hierarchy_id  |        hierarchy_name         | meta_name | total 
---------+----------------+-------------------------------+-----------+-------
	   1 | 1              | Meta 1                        | Meta 1    |     0
	   2 | 2              | Meta 2                        | Meta 2    |     0
	   3 | 3              | Meta 3                        | Meta 3    |     0
	   4 | 2 -> 4         | Meta 2 -> Meta 4              | Meta 4    | 31166
	   5 | 3 -> 5         | Meta 3 -> Meta 5              | Meta 5    | 62526
	   6 | 1 -> 6         | Meta 1 -> Meta 6              | Meta 6    | 62661
	   7 | 1 -> 7         | Meta 1 -> Meta 7              | Meta 7    | 62976
	  10 | 2 -> 10        | Meta 2 -> Meta 10             | Meta 10   | 62280
	  11 | 3 -> 11        | Meta 3 -> Meta 11             | Meta 11   | 62868
	  12 | 1 -> 12        | Meta 1 -> Meta 12             | Meta 12   | 62319
	  15 | 1 -> 15        | Meta 1 -> Meta 15             | Meta 15   | 62753
	   8 | 2 -> 4  -> 8   | Meta 2 -> Meta 4  -> Meta 8   | Meta 8    | 62838
	   9 | 1 -> 7  -> 9   | Meta 1 -> Meta 7  -> Meta 9   | Meta 9    | 62200
	  13 | 2 -> 10 -> 13  | Meta 2 -> Meta 10 -> Meta 13  | Meta 13   | 62571
	  14 | 2 -> 4  -> 14  | Meta 2 -> Meta 4  -> Meta 14  | Meta 14   | 62271
	  16 | 3 -> 5  -> 16  | Meta 3 -> Meta 5  -> Meta 16  | Meta 16   | 62030
	  17 | 1 -> 12 -> 17  | Meta 1 -> Meta 12 -> Meta 17  | Meta 17   | 62333
	  18 | 2 -> 4  -> 18  | Meta 2 -> Meta 4  -> Meta 18  | Meta 18   | 62873
	  19 | 2 -> 10 -> 19  | Meta 2 -> Meta 10 -> Meta 19  | Meta 19   | 62027
	  20 | 1 -> 7  -> 20  | Meta 1 -> Meta 7  -> Meta 20  | Meta 20   | 31308
```


问题的难点在于其中一张是自我关联 (Self-relationship) 的表，另一张表有数十万条记录，并且要求仅使用一个查询语句来说明整个层次结构！

伟大的数据库管理员 (DBA) 们努力尝试并提出了许多解决问题的方法，但挑战要求"**语句执行需在 2 秒钟内完成**". 这令他们心灰意冷，这件事能成吗？

在那没有希望的黑暗时代，人们不再相信，人性陷入阴影之中。我们以为无法找到答案！然而, *遥远的北方*射出一丝光芒, 给我们带来了一份惊喜。这个查询语句不但给了我们答案，更带给了我们希望。当然她不是一个人，还有她绚丽夺目、又迅猛强大的索引，在执行语句的 80 毫秒时间内解决了这个问题。我们获救了！

挑战者怒吼一声，然后放声大笑，说这还不够。查询不应使用任何托词，并且**不接受索引**。并且由于这种“略失妥当”的行为，现在挑战者将时间限制到 1 秒之内。任何提出**解决方案的查询都应在不到 1 秒钟的时间内完成执行**，不可以使用任何小花招！ **这就是规定，不接受反驳**！

世界再一次陷入黑暗之中。没有任何奇迹出现。之前心存希望的我们如今心灰意冷，斗志低落，至此再也没有出现既快又强的查询语句。我们不得不面临着在新应用程序中多次循环的宿命，这些新应用程序生来就是为了与数据库抗衡！

时间一分一秒流逝，主版本发布了，那些依赖于第三方解决方案的应用程序数据分析师输得一败涂地，ORM 的时代到来了......我们相信永远不会再看到希望。直到那一天，那值得被铭记于心的一天，那一天，神奇的**双 CTE 被提出**！目前尚不清楚这是如何发生的，甚至有点奇葩。答案没有通过社交媒体发出，而两个 CTE 的一起使用的解法也在意料之外。 的使用。惶惑的人们不相信这样的事情竟然存在，但同时为新时代诞生的可能性而欣喜若狂。真的有可能吗？我们能否再次依靠查询来解决这个问题？我们最终会打败这个残酷、无情、无情的挑战者吗？

无数次的试验、添加限制、创建数据集，使用索引...挑战者努力证明他无人能敌，但是最后一战，在最后的一个数据集上，他被征服了！那个没有通过 Github 提交、名不见经传、却颠覆传统的查询语句，打败了挑战者，让世界重新充满希望，向我们展现了如何将两张表重新组合在一起，并由一条语句创建出符合要求的报告，**仅在 180 毫秒完成查询** 没有任何索引，击败了挑战者 730 毫秒查询！然后我们喊道：“**双 CTE 万岁！**”、“**让这一切成为可能的那些了不起的 DBA 万岁！**”。从那时起，我们过着幸福和狂喜的生活！


## 查询语句分析

如上所述，我发现这个挑战非常有趣，很高兴看到一些了不起的 DBA 创建他们的查询，与他们讨论并了解我们如何在不更改硬件、配置或数据库模型的情况下实现惊人的性能改进。 我们只改了语句查询。 我不确定你们是否都意识到它赋予我们所有人的力量。 我们从 2 秒以上的执行时间到 180 毫秒，这至少是 11 倍的改进。 您听下来想想，如果需要添置额外硬件的话，您需要添加多少额外硬件才能获得 11 倍的性能提升。 这就是力量！！

好吧，话太多了，让我们看看我喜欢用来优化查询的方法之一。 注意这只是其中一种方法，因为我们可以使用其他方法，当然这意味着还有其他的各种各样不同方法（这似乎很明显，但我想确保这非常明确！）。

### 创建语句

第一件事是，如果我们想优化一个查询，我们需要一个查询语句。 今天我将把这个挑战作为我们分析的对象，所以我不会花太多时间深入全方面解释什么是 CTE 以及它的作用，但我会提供足够的知识，展开到下一步。

简而言之，*CTE 的公用表表达式是一个临时命名的结果集，您可以在 SELECT、INSERT、UPDATE 或 DELETE 语句中引用它* [2]。 Postgres 使用 **WITH** 如 [此处 [3]](https://www.postgresql.org/docs/current/queries-with.html) 中所述，其结构类似于：


``` SQL
WITH cte_name AS ( QUERY ) SELECT <columns> FROM cte_name;
```

上面的 **cte_name** 是 CTE 的临时命名，大致可以理解为 VIEW 或者是 subselect，例如:

The **cte_name** above is the name of our CTE and can be (poorly) compared to a VIEW or subselect, for example:

``` SQL
WITH meta_hierarchy AS (
	SELECT meta_id, meta_parent, meta_name FROM meta
) 
	SELECT mh.meta_id, mh.meta_parent, mh.meta_name, count(mo.obj_id) AS total 
	FROM meta_hierarchy mh
		LEFT JOIN meta_obj mo ON mo.meta_id = mh.meta_id
	GROUP BY mh.meta_id, mh.meta_parent, mh.meta_name
	ORDER BY mh.meta_id;
```

请注意我如何在上述 SQL 中使用 **meta_hierarchy** 作为一个表或视图（VIEW)，并将其来加入表 **meta_obj**。 您可能还体会到 CTE 的强大功能，因为我们可以通过常规的连接（JOIN）来连接两个表，例如：

``` SQL
SELECT mh.meta_id, mh.meta_parent, mh.meta_name, count(mo.obj_id) AS total 
FROM meta mh
	LEFT JOIN meta_obj mo ON mo.meta_id = mh.meta_id
GROUP BY mh.meta_id, mh.meta_parent, mh.meta_name
ORDER BY mh.meta_id;
```

如果我们执行以上两个语句查询，我们将看到相同的执行时间，实际上我们甚至可以使用 EXPLAIN，结果也显示了相同的执行过程。在这一点上，由于 JOIN 的简单性，CTE 的存在稍显的花哨了。但请耐心等待，您会感到惊讶！

我们的挑战中要求需要打印层次结构，如果没有循环我们就无法得到结果。而 Postgres 恰恰能提供我们需要的。回到 [documentation[3]](https://www.postgresql.org/docs/current/queries-with.html) 我们看到 **Recursive Queries**，它指出：

- _The optional RECURSIVE modifier changes WITH from a mere syntactic convenience into a feature that accomplishes things not otherwise possible in standard SQL. Using RECURSIVE, a WITH query can refer to its own output._

好的，我们现在拥有了我们需要的所有工具，但要解决问题，还需要一些概念支撑。问题在于列出 **meta** 表中的*层级*。我们有父、子、子孙......等等。就像是：

``` bash
Parent  | Name      | hierarchy 
		| Meta 1    | Meta 1
Meta 1  | Meta 7    | Meta 1 -> Meta 7
Meta 7  | Meta 9    | Meta 1 -> Meta 7 -> Meta 9

# Meta has no parents, meaning it is the parent, first one in the hierarchy

```

从上面得出，我们应该先从父级开始，父级没有 parent_id:

``` SQL
SELECT meta_id, meta_parent, meta_name FROM meta WHERE meta_parent IS NULL;

 meta_id | meta_parent | meta_name 
---------+-------------+-----------
	   1 |             | Meta 1
	   2 |             | Meta 2
	   3 |             | Meta 3
(3 rows)

```

现在我们将该结果再次加入表 **meta** 以构建层次结构：

``` SQL
WITH RECURSIVE meta_hierarchy AS (
	SELECT meta_id, meta_parent, meta_name FROM meta WHERE meta_parent IS NULL

	UNION ALL

	-- 
	SELECT m.meta_id, m.meta_parent, m.meta_name 
	FROM meta m 
		JOIN meta_hierarchy ms ON ms.meta_id = m.meta_parent
) 
	SELECT * 
	FROM meta_hierarchy mh
	ORDER BY mh.meta_id;

 meta_id | meta_parent | meta_name 
---------+-------------+-----------
	   1 |             | Meta 1
	   2 |             | Meta 2
	   3 |             | Meta 3
	   4 |           2 | Meta 4
	   5 |           3 | Meta 5
	   6 |           1 | Meta 6
	   7 |           1 | Meta 7
	   8 |           4 | Meta 8
	   9 |           7 | Meta 9
	  10 |           2 | Meta 10
	  11 |           3 | Meta 11
	  12 |           1 | Meta 12
	  13 |          10 | Meta 13
	  14 |           4 | Meta 14
	  15 |           1 | Meta 15
	  16 |           5 | Meta 16
	  17 |          12 | Meta 17
	  18 |           4 | Meta 18
	  19 |          10 | Meta 19
	  20 |           7 | Meta 20
(20 rows)

```

如果您执行 `SELECT * FROM meta ORDER BY meta_id;` 您会看到跟上面一样的结果:

``` SQL
SELECT * FROM meta ORDER BY meta_id;
 meta_id | meta_parent | meta_name 
---------+-------------+-----------
	   1 |             | Meta 1
	   2 |             | Meta 2
	   3 |             | Meta 3
	   4 |           2 | Meta 4
	   5 |           3 | Meta 5
	   6 |           1 | Meta 6
	   7 |           1 | Meta 7
	   8 |           4 | Meta 8
	   9 |           7 | Meta 9
	  10 |           2 | Meta 10
	  11 |           3 | Meta 11
	  12 |           1 | Meta 12
	  13 |          10 | Meta 13
	  14 |           4 | Meta 14
	  15 |           1 | Meta 15
	  16 |           5 | Meta 16
	  17 |          12 | Meta 17
	  18 |           4 | Meta 18
	  19 |          10 | Meta 19
	  20 |           7 | Meta 20
(20 rows)
```

什么地方出了错？ 好吧，我们实际上在递归查询中已经得到了所有数据，要做的只需要显示它！ 我将创建一个列来显示这些需要显示的数据：

``` SQL
WITH RECURSIVE meta_hierarchy AS (
	-- This query will be used as original main query, the result will be loop'ed and can be used in the UNION query below
	SELECT meta_id, 
		meta_id::TEXT AS hierarchy_id, 
		meta_name AS hierarchy_name,
		meta_parent, meta_name 
	FROM meta WHERE meta_parent IS NULL

	UNION ALL

	-- This query will be executed every time we have a loop 
	-- The "meta_hierarchy" **view** will be the result of the previous execution of the LOOP
	SELECT m.meta_id, 
		ms.hierarchy_id   ||' -> '|| m.meta_id AS hierarchy_id,
		ms.hierarchy_name ||' -> '|| m.meta_name AS hierarchy_name,
		m.meta_parent, m.meta_name 
	FROM meta m 
		JOIN meta_hierarchy ms ON ms.meta_id = m.meta_parent
) 
	SELECT * 
	FROM meta_hierarchy mh
	ORDER BY mh.meta_id;

 meta_id | hierarchy_id  |        hierarchy_name        | meta_parent | meta_name 
---------+---------------+------------------------------+-------------+-----------
	   1 | 1             | Meta 1                       |             | Meta 1
	   2 | 2             | Meta 2                       |             | Meta 2
	   3 | 3             | Meta 3                       |             | Meta 3
	   4 | 2 -> 4        | Meta 2 -> Meta 4             |           2 | Meta 4
	   5 | 3 -> 5        | Meta 3 -> Meta 5             |           3 | Meta 5
	   6 | 1 -> 6        | Meta 1 -> Meta 6             |           1 | Meta 6
	   7 | 1 -> 7        | Meta 1 -> Meta 7             |           1 | Meta 7
	   8 | 2 -> 4 -> 8   | Meta 2 -> Meta 4 -> Meta 8   |           4 | Meta 8
	   9 | 1 -> 7 -> 9   | Meta 1 -> Meta 7 -> Meta 9   |           7 | Meta 9
	  10 | 2 -> 10       | Meta 2 -> Meta 10            |           2 | Meta 10
	  11 | 3 -> 11       | Meta 3 -> Meta 11            |           3 | Meta 11
	  12 | 1 -> 12       | Meta 1 -> Meta 12            |           1 | Meta 12
	  13 | 2 -> 10 -> 13 | Meta 2 -> Meta 10 -> Meta 13 |          10 | Meta 13
	  14 | 2 -> 4 -> 14  | Meta 2 -> Meta 4 -> Meta 14  |           4 | Meta 14
	  15 | 1 -> 15       | Meta 1 -> Meta 15            |           1 | Meta 15
	  16 | 3 -> 5 -> 16  | Meta 3 -> Meta 5 -> Meta 16  |           5 | Meta 16
	  17 | 1 -> 12 -> 17 | Meta 1 -> Meta 12 -> Meta 17 |          12 | Meta 17
	  18 | 2 -> 4 -> 18  | Meta 2 -> Meta 4 -> Meta 18  |           4 | Meta 18
	  19 | 2 -> 10 -> 19 | Meta 2 -> Meta 10 -> Meta 19 |          10 | Meta 19
	  20 | 1 -> 7 -> 20  | Meta 1 -> Meta 7 -> Meta 20  |           7 | Meta 20
(20 rows)
```

厉害了! 现在我们有整个层次结构。不过这不是我想要的顺序，我再快速修改一下。

``` SQL
WITH RECURSIVE meta_hierarchy AS (
	SELECT meta_id, 
		-- I just add a new INTEGER column to determine the "depth" of the loop
		-- The first time we execute it will be of depth 1
		1::INT AS depth, 
		meta_id::TEXT AS hierarchy_id, 
		meta_name AS hierarchy_name,
		meta_parent, meta_name 
	FROM meta WHERE meta_parent IS NULL

	UNION ALL

	SELECT m.meta_id, 
		-- We then add 1 to every new execution of the loop
		ms.depth + 1 AS depth,
		ms.hierarchy_id   ||' -> '|| m.meta_id AS hierarchy_id,
		ms.hierarchy_name ||' -> '|| m.meta_name AS hierarchy_name,
		m.meta_parent, m.meta_name 
	FROM meta m 
		JOIN meta_hierarchy ms ON ms.meta_id = m.meta_parent
) 
	SELECT * 
	FROM meta_hierarchy mh
	ORDER BY mh.depth, mh.meta_id;

 meta_id | depth | hierarchy_id  |        hierarchy_name        | meta_parent | meta_name 
---------+-------+---------------+------------------------------+-------------+-----------
	   1 |     1 | 1             | Meta 1                       |             | Meta 1
	   2 |     1 | 2             | Meta 2                       |             | Meta 2
	   3 |     1 | 3             | Meta 3                       |             | Meta 3
	   4 |     2 | 2 -> 4        | Meta 2 -> Meta 4             |           2 | Meta 4
	   5 |     2 | 3 -> 5        | Meta 3 -> Meta 5             |           3 | Meta 5
	   6 |     2 | 1 -> 6        | Meta 1 -> Meta 6             |           1 | Meta 6
	   7 |     2 | 1 -> 7        | Meta 1 -> Meta 7             |           1 | Meta 7
	  10 |     2 | 2 -> 10       | Meta 2 -> Meta 10            |           2 | Meta 10
	  11 |     2 | 3 -> 11       | Meta 3 -> Meta 11            |           3 | Meta 11
	  12 |     2 | 1 -> 12       | Meta 1 -> Meta 12            |           1 | Meta 12
	  15 |     2 | 1 -> 15       | Meta 1 -> Meta 15            |           1 | Meta 15
	   8 |     3 | 2 -> 4 -> 8   | Meta 2 -> Meta 4 -> Meta 8   |           4 | Meta 8
	   9 |     3 | 1 -> 7 -> 9   | Meta 1 -> Meta 7 -> Meta 9   |           7 | Meta 9
	  13 |     3 | 2 -> 10 -> 13 | Meta 2 -> Meta 10 -> Meta 13 |          10 | Meta 13
	  14 |     3 | 2 -> 4 -> 14  | Meta 2 -> Meta 4 -> Meta 14  |           4 | Meta 14
	  16 |     3 | 3 -> 5 -> 16  | Meta 3 -> Meta 5 -> Meta 16  |           5 | Meta 16
	  17 |     3 | 1 -> 12 -> 17 | Meta 1 -> Meta 12 -> Meta 17 |          12 | Meta 17
	  18 |     3 | 2 -> 4 -> 18  | Meta 2 -> Meta 4 -> Meta 18  |           4 | Meta 18
	  19 |     3 | 2 -> 10 -> 19 | Meta 2 -> Meta 10 -> Meta 19 |          10 | Meta 19
	  20 |     3 | 1 -> 7 -> 20  | Meta 1 -> Meta 7 -> Meta 20  |           7 | Meta 20
(20 rows)
```

瞧，我们有了预期的层次结构。 我们现在只需要将它与表 **meta_obj** 连接起来并计算出现次数：

``` SQL
WITH RECURSIVE meta_hierarchy AS (
	SELECT meta_id, 
		-- I just add a new INTEGER column to determine the "depth" of the loop
		-- The first time we execute it will be of depth 1
		1::INT AS depth, 
		meta_id::TEXT AS hierarchy_id, 
		meta_name AS hierarchy_name,
		meta_parent, meta_name 
	FROM meta WHERE meta_parent IS NULL

	UNION ALL

	SELECT m.meta_id, 
		-- We then add 1 to every new execution of the loop
		ms.depth + 1 AS depth,
		ms.hierarchy_id   ||' -> '|| m.meta_id AS hierarchy_id,
		ms.hierarchy_name ||' -> '|| m.meta_name AS hierarchy_name,
		m.meta_parent, m.meta_name 
	FROM meta m 
		JOIN meta_hierarchy ms ON ms.meta_id = m.meta_parent
) 
	SELECT mh.meta_id, mh.hierarchy_id, mh.hierarchy_name, mh.meta_name, count(mo.obj_id) AS total 
	FROM meta_hierarchy mh
		LEFT JOIN meta_obj mo ON mo.meta_id = mh.meta_id
	GROUP BY mh.meta_id, mh.depth, mh.hierarchy_id, mh.hierarchy_name, mh.meta_name
	ORDER BY mh.depth, mh.meta_id;

  meta_id | hierarchy_id  |        hierarchy_name        | meta_name | total 
---------+---------------+------------------------------+-----------+-------
	   1 | 1             | Meta 1                       | Meta 1    |     0
	   2 | 2             | Meta 2                       | Meta 2    |     0
	   3 | 3             | Meta 3                       | Meta 3    |     0
	   4 | 2 -> 4        | Meta 2 -> Meta 4             | Meta 4    | 31166
	   5 | 3 -> 5        | Meta 3 -> Meta 5             | Meta 5    | 62526
	   6 | 1 -> 6        | Meta 1 -> Meta 6             | Meta 6    | 62661
	   7 | 1 -> 7        | Meta 1 -> Meta 7             | Meta 7    | 62976
	  10 | 2 -> 10       | Meta 2 -> Meta 10            | Meta 10   | 62280
	  11 | 3 -> 11       | Meta 3 -> Meta 11            | Meta 11   | 62868
	  12 | 1 -> 12       | Meta 1 -> Meta 12            | Meta 12   | 62319
	  15 | 1 -> 15       | Meta 1 -> Meta 15            | Meta 15   | 62753
	   8 | 2 -> 4 -> 8   | Meta 2 -> Meta 4 -> Meta 8   | Meta 8    | 62838
	   9 | 1 -> 7 -> 9   | Meta 1 -> Meta 7 -> Meta 9   | Meta 9    | 62200
	  13 | 2 -> 10 -> 13 | Meta 2 -> Meta 10 -> Meta 13 | Meta 13   | 62571
	  14 | 2 -> 4 -> 14  | Meta 2 -> Meta 4 -> Meta 14  | Meta 14   | 62271
	  16 | 3 -> 5 -> 16  | Meta 3 -> Meta 5 -> Meta 16  | Meta 16   | 62030
	  17 | 1 -> 12 -> 17 | Meta 1 -> Meta 12 -> Meta 17 | Meta 17   | 62333
	  18 | 2 -> 4 -> 18  | Meta 2 -> Meta 4 -> Meta 18  | Meta 18   | 62873
	  19 | 2 -> 10 -> 19 | Meta 2 -> Meta 10 -> Meta 19 | Meta 19   | 62027
	  20 | 1 -> 7 -> 20  | Meta 1 -> Meta 7 -> Meta 20  | Meta 20   | 31308
(20 rows)
```

太棒了！ 现在我们得到了总结报告（Summary Report）。因为篇幅关系，我在就先打住。 我们将在这篇文章的第 2 部分继续这个话题，描述我们如何优化现有的查询！ 下一期文章见；）

## 引用

[[1] [Dickens, Charles: A Tale of Two Cities]](https://gutenberg.org/ebooks/98) <br>
[[2] [CTE in SQL]](https://www.geeksforgeeks.org/cte-in-sql/) <br>
[[3] PostgreSQL CTE](https://www.postgresql.org/docs/current/queries-with.html) <br>
